name,httpMethod,path,description
Listar pedidos,GET,/orders,Lista os pedidos do cliente
Criar pedido,post,/orders,Cria um pedido
Detalhar pedido,GET,orders/{id},Detalhe de um pedido
Atualizar pedido,PUT, /orders/{id}/ ,Atualiza um pedido
Cancelar pedido,DELETE,/orders/{id},Cancela um pedido
Listar produtos,get,/products,
Criar produto,POST,/products,Cadastra um produto
Atualizar estoque,PATCH,/products/{id}/stock,Ajusta o estoque
Listar clientes,GET,/customers,
Relatorio de vendas,GET,/reports/sales,Relatorio mensal
Exportar relatorio,FETCH,/reports/export,Metodo HTTP invalido
Sem caminho,GET,,Linha sem path
Listar pedidos de novo,GET,/orders,Repetida no proprio arquivo
Listar usuarios,GET,/users,Ja existe no projeto do Fluxo completo
Criar usuario,POST,/users,
Remover usuario,DELETE,/users/{id},
